id,城市,时间,温度,体感温度,天气情况,风力等级,湿度,能见度
1,北京,2024-02-27T16:48+08:00,5.0,2.0,阴,2,37.0,11.0
2,海淀,2024-02-27T16:48+08:00,4.0,1.0,阴,1,46.0,10.0
3,朝阳,2024-02-27T16:48+08:00,5.0,2.0,阴,2,38.0,12.0
4,顺义,2024-02-27T16:48+08:00,5.0,2.0,阴,2,39.0,10.0
5,怀柔,2024-02-27T16:48+08:00,4.0,1.0,阴,1,40.0,13.0
6,通州,2024-02-27T16:48+08:00,5.0,2.0,阴,2,30.0,13.0
7,昌平,2024-02-27T16:48+08:00,4.0,2.0,阴,1,42.0,15.0
8,延庆,2024-02-27T16:48+08:00,2.0,-2.0,阴,2,48.0,9.0
9,丰台,2024-02-27T16:48+08:00,4.0,1.0,阴,1,44.0,9.0
10,石景山,2024-02-27T16:48+08:00,4.0,1.0,阴,1,45.0,9.0
11,大兴,2024-02-27T16:48+08:00,5.0,2.0,阴,1,38.0,12.0
12,房山,2024-02-27T16:48+08:00,4.0,1.0,阴,2,45.0,8.0
13,密云,2024-02-27T16:48+08:00,4.0,0.0,阴,1,37.0,12.0
14,门头沟,2024-02-27T16:48+08:00,4.0,2.0,阴,1,45.0,9.0
15,平谷,2024-02-27T16:48+08:00,4.0,1.0,阴,1,33.0,19.0
16,上海,2024-02-27T16:48+08:00,9.0,7.0,阴,0,49.0,11.0
17,闵行,2024-02-27T16:48+08:00,9.0,7.0,阴,2,44.0,13.0
18,宝山,2024-02-27T16:48+08:00,8.0,5.0,阴,2,58.0,13.0
19,嘉定,2024-02-27T16:48+08:00,8.0,6.0,阴,2,50.0,18.0
20,南汇,2024-02-27T16:48+08:00,8.0,5.0,阴,2,50.0,14.0
21,金山,2024-02-27T16:48+08:00,9.0,7.0,阴,1,50.0,14.0
22,青浦,2024-02-27T16:47+08:00,8.0,5.0,阴,1,48.0,13.0
23,松江,2024-02-27T16:48+08:00,9.0,6.0,阴,1,48.0,14.0
24,奉贤,2024-02-27T16:48+08:00,8.0,5.0,阴,2,62.0,12.0
25,崇明,2024-02-27T16:48+08:00,7.0,4.0,阴,2,69.0,15.0
26,徐家汇,2024-02-27T16:48+08:00,9.0,7.0,阴,0,49.0,11.0
27,浦东,2024-02-27T16:48+08:00,9.0,7.0,阴,1,49.0,11.0
28,天津,2024-02-27T16:48+08:00,6.0,3.0,多云,2,33.0,14.0
29,武清,2024-02-27T16:48+08:00,6.0,2.0,晴,2,30.0,15.0
30,宝坻,2024-02-27T16:48+08:00,5.0,1.0,晴,1,28.0,16.0
31,东丽,2024-02-27T16:48+08:00,5.0,1.0,多云,2,40.0,21.0
32,西青,2024-02-27T16:48+08:00,6.0,1.0,多云,2,35.0,14.0
33,北辰,2024-02-27T16:48+08:00,6.0,2.0,多云,1,31.0,15.0
34,宁河,2024-02-27T16:48+08:00,3.0,-1.0,多云,3,44.0,30.0
35,汉沽,2024-02-27T16:48+08:00,6.0,3.0,多云,3,33.0,14.0
36,静海,2024-02-27T16:48+08:00,7.0,3.0,多云,2,37.0,14.0
37,津南,2024-02-27T16:48+08:00,3.0,-1.0,多云,3,52.0,26.0
38,塘沽,2024-02-27T16:48+08:00,2.0,-4.0,多云,3,59.0,26.0
39,大港,2024-02-27T16:48+08:00,6.0,3.0,多云,3,33.0,14.0
40,蓟县,2024-02-27T16:48+08:00,4.0,1.0,晴,1,34.0,17.0
41,重庆,2024-02-27T16:48+08:00,11.0,8.0,阴,2,56.0,15.0
42,永川,2024-02-27T16:48+08:00,10.0,7.0,阴,2,63.0,9.0
43,合川,2024-02-27T16:48+08:00,9.0,5.0,阴,3,68.0,10.0
44,南川,2024-02-27T16:45+08:00,8.0,5.0,阴,1,50.0,16.0
45,江津,2024-02-27T16:48+08:00,11.0,9.0,阴,2,60.0,9.0
46,渝北,2024-02-27T16:48+08:00,8.0,3.0,阴,2,61.0,14.0
47,北碚,2024-02-27T16:48+08:00,11.0,9.0,多云,2,55.0,14.0
48,巴南,2024-02-27T16:48+08:00,9.0,6.0,阴,1,63.0,12.0
49,长寿,2024-02-27T16:48+08:00,10.0,8.0,阴,1,53.0,14.0
50,黔江,2024-02-27T16:47+08:00,6.0,2.0,阴,1,59.0,16.0
51,万州,2024-02-27T16:48+08:00,9.0,7.0,阴,2,52.0,18.0
52,涪陵,2024-02-27T16:48+08:00,10.0,6.0,阴,1,52.0,12.0
53,城口,2024-02-27T16:49+08:00,6.0,4.0,阴,1,56.0,16.0
54,云阳,2024-02-27T16:48+08:00,11.0,9.0,阴,1,44.0,16.0
55,巫溪,2024-02-27T16:48+08:00,11.0,8.0,阴,1,42.0,19.0
56,奉节,2024-02-27T16:48+08:00,10.0,8.0,阴,1,43.0,20.0
57,巫山,2024-02-27T16:47+08:00,10.0,5.0,阴,2,47.0,16.0
58,潼南,2024-02-27T16:48+08:00,10.0,6.0,阴,3,56.0,8.0
59,垫江,2024-02-27T16:48+08:00,10.0,8.0,阴,1,53.0,11.0
60,梁平,2024-02-27T16:48+08:00,10.0,8.0,阴,2,55.0,18.0
61,忠县,2024-02-27T16:48+08:00,11.0,9.0,阴,1,46.0,22.0
62,石柱,2024-02-27T16:48+08:00,7.0,2.0,阴,3,57.0,15.0
63,大足,2024-02-27T16:48+08:00,8.0,4.0,阴,2,65.0,11.0
64,荣昌,2024-02-27T16:48+08:00,11.0,9.0,阴,2,60.0,13.0
65,铜梁,2024-02-27T16:48+08:00,10.0,7.0,阴,2,62.0,10.0
66,璧山,2024-02-27T16:48+08:00,11.0,7.0,阴,2,56.0,13.0
67,丰都,2024-02-27T16:48+08:00,10.0,8.0,阴,1,52.0,22.0
68,武隆,2024-02-27T16:48+08:00,8.0,5.0,阴,2,57.0,11.0
69,彭水,2024-02-27T16:48+08:00,8.0,5.0,阴,1,56.0,10.0
70,綦江,2024-02-27T16:48+08:00,10.0,7.0,阴,2,52.0,23.0
71,酉阳,2024-02-27T16:48+08:00,4.0,1.0,阴,2,64.0,12.0
72,秀山,2024-02-27T16:48+08:00,7.0,3.0,阴,1,51.0,12.0
73,哈尔滨,2024-02-27T16:48+08:00,-6.0,-10.0,多云,2,64.0,30.0
74,齐齐哈尔,2024-02-27T16:49+08:00,-7.0,-11.0,多云,1,45.0,23.0
75,牡丹江,2024-02-27T16:48+08:00,-4.0,-7.0,多云,1,41.0,11.0
76,佳木斯,2024-02-27T16:48+08:00,-7.0,-12.0,多云,2,62.0,19.0
77,绥化,2024-02-27T16:48+08:00,-5.0,-8.0,多云,2,45.0,30.0
78,黑河,2024-02-27T16:48+08:00,-12.0,-15.0,晴,1,53.0,25.0
79,大兴安岭,2024-02-27T16:48+08:00,-12.0,-17.0,晴,2,70.0,12.0
80,伊春,2024-02-27T16:48+08:00,-4.0,-10.0,阴,3,30.0,30.0
81,大庆,2024-02-27T16:48+08:00,-6.0,-10.0,多云,3,42.0,30.0
82,七台河,2024-02-27T16:48+08:00,-6.0,-11.0,多云,3,47.0,30.0
83,鸡西,2024-02-27T16:48+08:00,-6.0,-13.0,晴,3,54.0,30.0
84,鹤岗,2024-02-27T16:48+08:00,-8.0,-13.0,多云,2,50.0,30.0
85,双鸭山,2024-02-27T16:48+08:00,-6.0,-11.0,晴,1,55.0,26.0
86,长春,2024-02-27T16:48+08:00,-1.0,-7.0,多云,2,35.0,10.0
87,吉林,2024-02-27T16:49+08:00,1.0,-3.0,多云,2,26.0,25.0
88,延边,2024-02-27T16:48+08:00,0.0,-6.0,多云,4,20.0,18.0
89,四平,2024-02-27T16:48+08:00,0.0,-5.0,多云,3,53.0,14.0
90,通化,2024-02-27T16:48+08:00,3.0,-2.0,多云,2,41.0,15.0
91,白城,2024-02-27T16:48+08:00,-3.0,-6.0,多云,2,29.0,22.0
92,辽源,2024-02-27T16:49+08:00,2.0,-1.0,多云,2,27.0,10.0
93,松原,2024-02-27T16:48+08:00,-4.0,-8.0,阴,1,45.0,10.0
94,白山,2024-02-27T16:48+08:00,2.0,-2.0,多云,2,47.0,19.0
95,沈阳,2024-02-27T16:48+08:00,3.0,-1.0,多云,2,29.0,30.0
96,大连,2024-02-27T16:48+08:00,2.0,-2.0,晴,2,49.0,26.0
97,鞍山,2024-02-27T16:48+08:00,3.0,-1.0,晴,3,31.0,10.0
98,抚顺,2024-02-27T16:48+08:00,3.0,-1.0,多云,3,35.0,9.0
99,本溪,2024-02-27T16:48+08:00,4.0,0.0,多云,2,35.0,30.0
100,丹东,2024-02-27T16:48+08:00,4.0,0.0,多云,3,52.0,23.0
101,锦州,2024-02-27T16:48+08:00,1.0,-3.0,多云,3,56.0,22.0
102,营口,2024-02-27T16:48+08:00,0.0,-5.0,晴,2,56.0,21.0
103,阜新,2024-02-27T16:49+08:00,-2.0,-6.0,阴,1,87.0,7.0
104,辽阳,2024-02-27T16:48+08:00,3.0,0.0,多云,1,31.0,9.0
105,铁岭,2024-02-27T16:48+08:00,2.0,-2.0,多云,2,35.0,18.0
106,盘锦,2024-02-27T16:48+08:00,1.0,-4.0,多云,2,39.0,15.0
107,葫芦岛,2024-02-27T16:48+08:00,1.0,-5.0,多云,3,63.0,22.0
108,呼和浩特,2024-02-27T16:49+08:00,-1.0,-7.0,雨夹雪,3,68.0,17.0
109,包头,2024-02-27T16:48+08:00,1.0,-2.0,晴,1,76.0,5.0
110,乌海,2024-02-27T16:48+08:00,3.0,-2.0,晴,2,29.0,30.0
111,乌兰察布,2024-02-27T16:49+08:00,-4.0,-8.0,阴,2,73.0,13.0
112,通辽,2024-02-27T16:48+08:00,-2.0,-4.0,多云,1,66.0,9.0
113,赤峰,2024-02-27T16:48+08:00,3.0,-2.0,多云,3,39.0,18.0
114,鄂尔多斯,2024-02-27T16:48+08:00,-1.0,-5.0,多云,2,67.0,11.0
115,巴彦淖尔,2024-02-27T16:48+08:00,4.0,0.0,晴,2,23.0,20.0
116,锡林郭勒,2024-02-27T16:48+08:00,-16.0,-22.0,晴,2,72.0,23.0
117,呼伦贝尔,2024-02-27T16:48+08:00,-16.0,-23.0,多云,4,79.0,30.0
118,兴安盟,2024-02-27T16:48+08:00,-2.0,-5.0,多云,1,75.0,13.0
119,阿拉善盟,2024-02-27T16:47+08:00,1.0,0.0,晴,2,38.0,24.0
120,石家庄,2024-02-27T16:48+08:00,8.0,4.0,晴,2,40.0,9.0
121,保定,2024-02-27T16:48+08:00,6.0,3.0,晴,1,49.0,20.0
122,张家口,2024-02-27T16:48+08:00,1.0,-2.0,多云,2,65.0,5.0
123,承德,2024-02-27T16:48+08:00,2.0,-1.0,阴,1,58.0,9.0
124,唐山,2024-02-27T16:48+08:00,4.0,0.0,多云,1,34.0,30.0
125,廊坊,2024-02-27T16:48+08:00,6.0,4.0,晴,1,31.0,17.0
126,沧州,2024-02-27T16:48+08:00,8.0,5.0,晴,2,37.0,12.0
127,衡水,2024-02-27T16:48+08:00,9.0,6.0,晴,2,34.0,15.0
128,邢台,2024-02-27T16:48+08:00,9.0,4.0,晴,3,34.0,10.0
129,邯郸,2024-02-27T16:48+08:00,10.0,7.0,晴,2,34.0,12.0
130,秦皇岛,2024-02-27T16:48+08:00,2.0,-2.0,多云,2,62.0,30.0
131,太原,2024-02-27T16:48+08:00,5.0,2.0,晴,2,46.0,9.0
132,大同,2024-02-27T16:47+08:00,2.0,-3.0,多云,3,44.0,10.0
133,阳泉,2024-02-27T16:38+08:00,7.0,4.0,晴,1,39.0,26.0
134,晋中,2024-02-27T16:48+08:00,5.0,2.0,晴,1,49.0,9.0
135,长治,2024-02-27T16:48+08:00,3.0,0.0,晴,2,45.0,15.0
136,晋城,2024-02-27T16:47+08:00,4.0,-1.0,晴,2,44.0,9.0
137,临汾,2024-02-27T16:47+08:00,7.0,4.0,晴,2,43.0,10.0
138,运城,2024-02-27T16:47+08:00,11.0,9.0,多云,1,30.0,20.0
139,朔州,2024-02-27T16:48+08:00,3.0,-1.0,晴,2,52.0,14.0
140,忻州,2024-02-27T16:48+08:00,3.0,0.0,晴,1,62.0,5.0
141,吕梁,2024-02-27T16:48+08:00,4.0,1.0,晴,2,48.0,10.0
142,西安,2024-02-27T16:48+08:00,8.0,4.0,多云,1,42.0,12.0
143,咸阳,2024-02-27T16:48+08:00,8.0,5.0,多云,2,44.0,9.0
144,延安,2024-02-27T16:48+08:00,6.0,4.0,多云,2,48.0,8.0
145,榆林,2024-02-27T16:48+08:00,3.0,0.0,多云,1,52.0,8.0
146,渭南,2024-02-27T16:48+08:00,6.0,3.0,多云,1,48.0,11.0
147,商洛,2024-02-27T16:48+08:00,8.0,2.0,多云,3,39.0,21.0
148,安康,2024-02-27T16:48+08:00,10.0,8.0,阴,1,39.0,30.0
149,汉中,2024-02-27T16:48+08:00,7.0,5.0,阴,1,53.0,26.0
150,宝鸡,2024-02-27T16:49+08:00,6.0,3.0,阴,2,54.0,9.0
151,铜川,2024-02-27T16:47+08:00,5.0,1.0,晴,2,49.0,10.0
152,济南,2024-02-27T16:48+08:00,9.0,6.0,晴,1,27.0,25.0
153,青岛,2024-02-27T16:48+08:00,3.0,0.0,晴,2,64.0,15.0
154,淄博,2024-02-27T16:48+08:00,9.0,7.0,晴,1,27.0,16.0
155,德州,2024-02-27T16:48+08:00,9.0,5.0,晴,2,34.0,14.0
156,烟台,2024-02-27T16:48+08:00,1.0,-3.0,晴,3,65.0,9.0
157,潍坊,2024-02-27T16:48+08:00,6.0,3.0,晴,2,28.0,22.0
158,济宁,2024-02-27T16:48+08:00,8.0,5.0,晴,2,39.0,13.0
159,泰安,2024-02-27T16:48+08:00,8.0,5.0,晴,2,31.0,12.0
160,临沂,2024-02-27T16:48+08:00,7.0,4.0,晴,2,35.0,13.0
161,菏泽,2024-02-27T16:48+08:00,8.0,5.0,晴,2,34.0,17.0
162,滨州,2024-02-27T16:48+08:00,8.0,5.0,晴,2,25.0,18.0
163,东营,2024-02-27T16:48+08:00,4.0,0.0,晴,2,43.0,23.0
164,威海,2024-02-27T16:48+08:00,2.0,-1.0,晴,2,65.0,14.0
165,枣庄,2024-02-27T16:47+08:00,7.0,4.0,晴,1,31.0,16.0
166,日照,2024-02-27T16:48+08:00,3.0,-1.0,晴,2,74.0,11.0
167,莱芜,2024-02-27T16:45+08:00,7.0,4.0,晴,1,25.0,14.0
168,聊城,2024-02-27T16:48+08:00,8.0,4.0,晴,3,32.0,12.0
169,乌鲁木齐,2024-02-27T16:48+08:00,-10.0,-15.0,晴,2,69.0,3.0
170,克拉玛依,2024-02-27T16:48+08:00,-8.0,-12.0,晴,2,65.0,21.0
171,石河子,2024-02-27T16:48+08:00,-8.0,-11.0,霾,1,69.0,3.0
172,昌吉,2024-02-27T16:46+08:00,-9.0,-13.0,晴,2,68.0,16.0
173,吐鲁番,2024-02-27T16:48+08:00,7.0,4.0,晴,2,18.0,12.0
174,巴州,2024-02-27T16:47+08:00,4.0,0.0,浮尘,2,37.0,16.0
175,阿拉尔,2024-02-27T16:47+08:00,5.0,2.0,晴,1,30.0,6.0
176,阿克苏,2024-02-27T16:48+08:00,5.0,1.0,浮尘,2,33.0,5.0
177,喀什,2024-02-27T16:46+08:00,6.0,2.0,多云,2,32.0,7.0
178,伊犁,2024-02-27T16:48+08:00,-1.0,-5.0,晴,2,62.0,6.0
179,塔城,2024-02-27T16:48+08:00,-8.0,-13.0,晴,2,65.0,19.0
180,哈密,2024-02-27T16:47+08:00,2.0,-2.0,晴,1,22.0,19.0
181,和田,2024-02-27T16:48+08:00,5.0,2.0,浮尘,1,38.0,6.0
182,阿勒泰,2024-02-27T16:48+08:00,-12.0,-16.0,晴,1,64.0,16.0
183,克州,2024-02-27T16:47+08:00,4.0,1.0,浮尘,1,30.0,6.0
184,博州,2024-02-27T16:48+08:00,-6.0,-9.0,晴,2,62.0,6.0
185,拉萨,2024-02-27T16:48+08:00,12.0,8.0,多云,2,4.0,30.0
186,日喀则,2024-02-27T16:48+08:00,10.0,4.0,阴,4,8.0,30.0
187,山南,2024-02-27T16:47+08:00,11.0,5.0,多云,3,7.0,30.0
188,林芝,2024-02-27T16:45+08:00,9.0,5.0,阴,2,24.0,30.0
189,昌都,2024-02-27T16:47+08:00,11.0,8.0,多云,2,6.0,30.0
190,那曲,2024-02-27T16:47+08:00,2.0,-4.0,多云,4,9.0,30.0
191,阿里,2024-02-27T16:47+08:00,0.0,-6.0,多云,5,26.0,30.0
192,西宁,2024-02-27T16:48+08:00,2.0,-4.0,晴,3,39.0,10.0
193,海东,2024-02-27T16:48+08:00,2.0,-7.0,晴,4,44.0,8.0
194,黄南,2024-02-27T16:49+08:00,5.0,0.0,晴,3,28.0,15.0
195,海南,2024-02-27T16:47+08:00,6.0,1.0,晴,4,13.0,30.0
196,果洛,2024-02-27T16:47+08:00,2.0,-8.0,多云,5,21.0,18.0
197,玉树,2024-02-27T16:48+08:00,5.0,-1.0,多云,3,26.0,23.0
198,海西,2024-02-27T16:48+08:00,1.0,-4.0,晴,1,17.0,20.0
199,海北,2024-02-27T16:48+08:00,-2.0,-4.0,晴,1,15.0,30.0
200,兰州,2024-02-27T16:48+08:00,3.0,-1.0,多云,2,51.0,9.0
201,定西,2024-02-27T16:48+08:00,-2.0,-6.0,晴,3,81.0,13.0
202,平凉,2024-02-27T16:48+08:00,0.0,-3.0,多云,1,74.0,5.0
203,庆阳,2024-02-27T16:48+08:00,0.0,-3.0,晴,1,76.0,6.0
204,武威,2024-02-27T16:46+08:00,3.0,-2.0,多云,2,36.0,16.0
205,金昌,2024-02-27T16:48+08:00,3.0,0.0,晴,2,37.0,15.0
206,张掖,2024-02-27T16:49+08:00,3.0,-1.0,晴,3,33.0,14.0
207,酒泉,2024-02-27T16:48+08:00,0.0,-5.0,晴,2,46.0,19.0
208,天水,2024-02-27T16:49+08:00,3.0,0.0,多云,1,58.0,20.0
209,陇南,2024-02-27T16:49+08:00,6.0,3.0,多云,1,52.0,30.0
210,临夏,2024-02-27T16:48+08:00,2.0,-1.0,多云,1,54.0,22.0
211,甘南,2024-02-27T16:48+08:00,2.0,-5.0,多云,5,29.0,19.0
212,白银,2024-02-27T16:48+08:00,2.0,-1.0,多云,1,55.0,30.0
213,嘉峪关,2024-02-27T16:48+08:00,-2.0,-6.0,晴,3,53.0,13.0
214,银川,2024-02-27T16:48+08:00,4.0,0.0,多云,1,47.0,4.0
215,石嘴山,2024-02-27T16:48+08:00,3.0,-1.0,多云,2,41.0,11.0
216,吴忠,2024-02-27T16:48+08:00,4.0,-1.0,多云,3,47.0,8.0
217,固原,2024-02-27T16:48+08:00,-1.0,-4.0,多云,2,76.0,5.0
218,中卫,2024-02-27T16:48+08:00,4.0,0.0,多云,2,44.0,6.0
219,郑州,2024-02-27T16:48+08:00,8.0,4.0,晴,3,37.0,13.0
220,安阳,2024-02-27T16:48+08:00,9.0,4.0,晴,3,35.0,10.0
221,新乡,2024-02-27T16:48+08:00,9.0,4.0,晴,3,38.0,13.0
222,许昌,2024-02-27T16:48+08:00,7.0,3.0,多云,3,45.0,10.0
223,平顶山,2024-02-27T16:48+08:00,7.0,2.0,多云,3,39.0,20.0
224,信阳,2024-02-27T16:48+08:00,8.0,5.0,阴,3,40.0,13.0
225,南阳,2024-02-27T16:48+08:00,8.0,4.0,阴,1,41.0,9.0
226,开封,2024-02-27T16:48+08:00,8.0,3.0,晴,4,39.0,13.0
227,洛阳,2024-02-27T16:48+08:00,8.0,5.0,多云,2,39.0,10.0
228,商丘,2024-02-27T16:48+08:00,7.0,3.0,晴,2,45.0,30.0
229,焦作,2024-02-27T16:49+08:00,7.0,4.0,晴,2,41.0,9.0
230,鹤壁,2024-02-27T16:48+08:00,8.0,3.0,晴,3,44.0,12.0
231,濮阳,2024-02-27T16:48+08:00,8.0,4.0,晴,2,43.0,11.0
232,周口,2024-02-27T16:48+08:00,8.0,5.0,多云,1,35.0,18.0
233,漯河,2024-02-27T16:48+08:00,8.0,6.0,多云,1,42.0,11.0
234,驻马店,2024-02-27T16:48+08:00,8.0,4.0,阴,2,40.0,9.0
235,三门峡,2024-02-27T16:48+08:00,7.0,0.0,多云,4,44.0,9.0
236,济源,2024-02-27T16:48+08:00,9.0,6.0,晴,1,41.0,15.0
237,南京,2024-02-27T16:47+08:00,7.0,3.0,晴,2,43.0,18.0
238,无锡,2024-02-27T16:48+08:00,8.0,5.0,阴,1,46.0,9.0
239,镇江,2024-02-27T16:48+08:00,7.0,3.0,阴,2,45.0,12.0
240,苏州,2024-02-27T16:47+08:00,7.0,3.0,晴,2,52.0,13.0
241,南通,2024-02-27T16:48+08:00,6.0,2.0,晴,3,63.0,15.0
242,扬州,2024-02-27T16:47+08:00,6.0,4.0,阴,1,48.0,15.0
243,盐城,2024-02-27T16:47+08:00,6.0,3.0,阴,2,50.0,14.0
244,徐州,2024-02-27T16:48+08:00,8.0,5.0,晴,1,34.0,13.0
245,淮安,2024-02-27T16:48+08:00,7.0,3.0,晴,2,54.0,12.0
246,连云港,2024-02-27T16:48+08:00,5.0,1.0,晴,3,73.0,7.0
247,常州,2024-02-27T16:48+08:00,8.0,5.0,晴,1,46.0,14.0
248,泰州,2024-02-27T16:48+08:00,7.0,4.0,阴,2,42.0,15.0
249,宿迁,2024-02-27T16:48+08:00,5.0,2.0,晴,2,55.0,10.0
250,武汉,2024-02-27T16:48+08:00,8.0,5.0,晴,1,53.0,7.0
251,襄阳,2024-02-27T16:48+08:00,8.0,5.0,晴,2,27.0,22.0
252,鄂州,2024-02-27T16:48+08:00,6.0,4.0,晴,2,61.0,7.0
253,孝感,2024-02-27T16:49+08:00,9.0,6.0,晴,2,41.0,9.0
254,黄冈,2024-02-27T16:48+08:00,8.0,5.0,晴,2,55.0,8.0
255,黄石,2024-02-27T16:48+08:00,7.0,5.0,晴,1,60.0,5.0
256,咸宁,2024-02-27T16:48+08:00,5.0,4.0,晴,1,67.0,6.0
257,荆州,2024-02-27T16:48+08:00,8.0,5.0,晴,2,43.0,12.0
258,宜昌,2024-02-27T16:48+08:00,9.0,5.0,晴,2,41.0,10.0
259,恩施,2024-02-27T16:48+08:00,7.0,4.0,阴,1,59.0,11.0
260,十堰,2024-02-27T16:48+08:00,10.0,7.0,晴,2,30.0,21.0
261,神农架,2024-02-27T16:48+08:00,6.0,2.0,多云,2,48.0,14.0
262,随州,2024-02-27T16:48+08:00,9.0,5.0,晴,2,37.0,11.0
263,荆门,2024-02-27T16:48+08:00,8.0,4.0,晴,3,43.0,10.0
264,天门,2024-02-27T16:48+08:00,8.0,5.0,晴,2,42.0,12.0
265,仙桃,2024-02-27T16:48+08:00,6.0,3.0,晴,2,54.0,8.0
266,潜江,2024-02-27T16:48+08:00,8.0,5.0,晴,1,48.0,21.0
267,杭州,2024-02-27T16:49+08:00,9.0,6.0,多云,2,51.0,9.0
268,湖州,2024-02-27T16:48+08:00,6.0,1.0,阴,2,55.0,15.0
269,嘉兴,2024-02-27T16:48+08:00,8.0,6.0,晴,1,53.0,9.0
270,宁波,2024-02-27T16:48+08:00,8.0,4.0,晴,2,61.0,16.0
271,绍兴,2024-02-27T16:47+08:00,8.0,4.0,多云,3,58.0,10.0
272,台州,2024-02-27T16:48+08:00,9.0,5.0,晴,3,64.0,11.0
273,温州,2024-02-27T16:48+08:00,11.0,10.0,阴,1,54.0,27.0
274,丽水,2024-02-27T16:48+08:00,6.0,2.0,阴,3,68.0,6.0
275,金华,2024-02-27T16:49+08:00,7.0,4.0,阴,1,61.0,5.0
276,衢州,2024-02-27T16:48+08:00,7.0,1.0,阴,2,65.0,6.0
277,舟山,2024-02-27T16:48+08:00,8.0,4.0,晴,2,65.0,19.0
278,合肥,2024-02-27T16:47+08:00,7.0,4.0,多云,2,36.0,18.0
279,蚌埠,2024-02-27T16:48+08:00,7.0,3.0,晴,3,40.0,28.0
280,芜湖,2024-02-27T16:48+08:00,8.0,5.0,多云,2,45.0,19.0
281,淮南,2024-02-27T16:48+08:00,7.0,3.0,晴,2,49.0,25.0
282,马鞍山,2024-02-27T16:48+08:00,8.0,5.0,多云,2,46.0,17.0
283,安庆,2024-02-27T16:48+08:00,8.0,4.0,多云,3,52.0,19.0
284,宿州,2024-02-27T16:48+08:00,6.0,3.0,晴,2,48.0,22.0
285,阜阳,2024-02-27T16:47+08:00,7.0,4.0,晴,2,34.0,19.0
286,亳州,2024-02-27T16:48+08:00,8.0,5.0,晴,2,37.0,17.0
287,黄山,2024-02-27T16:48+08:00,6.0,4.0,晴,2,72.0,9.0
288,滁州,2024-02-27T16:48+08:00,7.0,3.0,晴,2,45.0,20.0
289,淮北,2024-02-27T16:48+08:00,8.0,6.0,晴,0,39.0,20.0
290,铜陵,2024-02-27T16:48+08:00,8.0,4.0,多云,3,57.0,13.0
291,宣城,2024-02-27T16:48+08:00,8.0,5.0,阴,2,56.0,16.0
292,六安,2024-02-27T16:47+08:00,7.0,4.0,多云,2,50.0,17.0
293,池州,2024-02-27T17:00+08:00,8.0,3.0,多云,3,53.0,10.0
294,福州,2024-02-27T17:00+08:00,10.0,9.0,阴,1,73.0,4.0
295,厦门,2024-02-27T17:00+08:00,13.0,9.0,多云,3,70.0,22.0
296,宁德,2024-02-27T17:00+08:00,10.0,9.0,阴,0,71.0,20.0
297,莆田,2024-02-27T17:00+08:00,11.0,8.0,多云,3,66.0,23.0
298,泉州,2024-02-27T17:00+08:00,12.0,5.0,多云,5,58.0,17.0
299,漳州,2024-02-27T17:00+08:00,15.0,12.0,多云,3,62.0,11.0
300,龙岩,2024-02-27T17:00+08:00,12.0,10.0,阴,2,71.0,26.0
301,三明,2024-02-27T17:00+08:00,8.0,5.0,阴,2,87.0,10.0
302,南平,2024-02-27T17:00+08:00,8.0,6.0,阴,1,82.0,13.0
303,南昌,2024-02-27T17:00+08:00,7.0,5.0,多云,1,67.0,8.0
304,九江,2024-02-27T17:00+08:00,6.0,3.0,阴,1,64.0,6.0
305,上饶,2024-02-27T17:00+08:00,6.0,4.0,阴,2,74.0,7.0
306,抚州,2024-02-27T17:00+08:00,5.0,3.0,阴,2,80.0,8.0
307,宜春,2024-02-27T17:00+08:00,5.0,3.0,阴,1,73.0,8.0
308,吉安,2024-02-27T17:00+08:00,5.0,3.0,阴,1,73.0,11.0
309,赣州,2024-02-27T17:00+08:00,4.0,2.0,阴,1,93.0,9.0
310,景德镇,2024-02-27T17:00+08:00,7.0,5.0,阴,1,70.0,12.0
311,萍乡,2024-02-27T17:00+08:00,4.0,2.0,阴,1,91.0,5.0
312,新余,2024-02-27T17:00+08:00,4.0,1.0,晴,2,73.0,30.0
313,鹰潭,2024-02-27T17:00+08:00,6.0,3.0,晴,1,81.0,10.0
314,长沙,2024-02-27T17:00+08:00,7.0,4.0,多云,1,62.0,16.0
315,湘潭,2024-02-27T17:00+08:00,6.0,4.0,阴,1,75.0,10.0
316,株洲,2024-02-27T17:00+08:00,6.0,5.0,阴,1,75.0,30.0
317,衡阳,2024-02-27T17:00+08:00,5.0,3.0,阴,2,79.0,5.0
318,郴州,2024-02-27T17:00+08:00,3.0,1.0,多云,1,97.0,2.0
319,常德,2024-02-27T17:00+08:00,7.0,3.0,晴,2,52.0,8.0
320,益阳,2024-02-27T17:00+08:00,6.0,2.0,晴,1,52.0,9.0
321,娄底,2024-02-27T17:00+08:00,6.0,3.0,多云,2,54.0,11.0
322,邵阳,2024-02-27T17:00+08:00,6.0,4.0,晴,1,60.0,11.0
323,岳阳,2024-02-27T17:00+08:00,6.0,3.0,晴,1,63.0,5.0
324,张家界,2024-02-27T17:00+08:00,8.0,6.0,多云,1,41.0,13.0
325,怀化,2024-02-27T17:00+08:00,8.0,6.0,多云,3,55.0,14.0
326,永州,2024-02-27T17:00+08:00,5.0,3.0,阴,1,73.0,7.0
327,湘西,2024-02-27T17:00+08:00,8.0,5.0,多云,2,41.0,12.0
328,贵阳,2024-02-27T17:00+08:00,6.0,2.0,阴,2,64.0,20.0
329,遵义,2024-02-27T17:00+08:00,4.0,2.0,阴,1,69.0,13.0
330,安顺,2024-02-27T17:00+08:00,3.0,-2.0,阴,2,72.0,14.0
331,黔南,2024-02-27T17:00+08:00,6.0,4.0,阴,1,66.0,14.0
332,黔东南,2024-02-27T17:00+08:00,7.0,5.0,阴,2,55.0,22.0
333,铜仁,2024-02-27T17:00+08:00,9.0,5.0,阴,2,42.0,15.0
334,毕节,2024-02-27T17:00+08:00,3.0,1.0,阴,1,82.0,6.0
335,六盘水,2024-02-27T17:00+08:00,1.0,2.0,阴,1,98.0,2.0
336,黔西南,2024-02-27T17:00+08:00,4.0,1.0,多云,2,95.0,4.0
337,成都,2024-02-27T17:00+08:00,9.0,6.0,阴,2,60.0,8.0
338,攀枝花,2024-02-27T17:00+08:00,28.0,27.0,晴,2,13.0,30.0
339,自贡,2024-02-27T17:00+08:00,11.0,9.0,多云,2,55.0,13.0
340,绵阳,2024-02-27T17:00+08:00,6.0,4.0,阴,2,84.0,4.0
341,南充,2024-02-27T17:00+08:00,9.0,7.0,晴,1,66.0,11.0
342,达州,2024-02-27T17:00+08:00,11.0,9.0,晴,1,53.0,16.0
343,遂宁,2024-02-27T17:00+08:00,10.0,8.0,晴,1,61.0,14.0
344,广安,2024-02-27T17:00+08:00,8.0,6.0,晴,1,68.0,9.0
345,巴中,2024-02-27T17:00+08:00,8.0,6.0,阴,1,61.0,17.0
346,泸州,2024-02-27T17:00+08:00,10.0,7.0,阴,2,63.0,20.0
347,宜宾,2024-02-27T17:00+08:00,10.0,7.0,晴,2,62.0,25.0
348,内江,2024-02-27T17:00+08:00,11.0,9.0,晴,1,53.0,11.0
349,资阳,2024-02-27T17:00+08:00,10.0,8.0,晴,2,56.0,12.0
350,乐山,2024-02-27T17:00+08:00,10.0,8.0,阴,1,59.0,9.0
351,眉山,2024-02-27T17:00+08:00,10.0,8.0,晴,2,58.0,11.0
352,凉山,2024-02-27T17:00+08:00,25.0,23.0,晴,3,16.0,30.0
353,雅安,2024-02-27T17:00+08:00,8.0,7.0,多云,1,67.0,4.0
354,甘孜,2024-02-27T17:00+08:00,10.0,1.0,晴,6,10.0,30.0
355,阿坝,2024-02-27T17:00+08:00,7.0,3.0,晴,2,32.0,28.0
356,德阳,2024-02-27T17:00+08:00,6.0,4.0,晴,1,80.0,8.0
357,广元,2024-02-27T17:00+08:00,7.0,5.0,阴,1,63.0,16.0
358,广州,2024-02-27T17:00+08:00,11.0,8.0,多云,3,66.0,21.0
359,韶关,2024-02-27T17:00+08:00,6.0,4.0,阴,2,92.0,12.0
360,惠州,2024-02-27T17:00+08:00,14.0,12.0,多云,2,60.0,30.0
361,梅州,2024-02-27T17:00+08:00,12.0,8.0,多云,2,63.0,30.0
362,汕头,2024-02-27T17:00+08:00,16.0,15.0,多云,2,65.0,20.0
363,深圳,2024-02-27T17:00+08:00,19.0,18.0,多云,1,56.0,30.0
364,珠海,2024-02-27T17:00+08:00,16.0,15.0,多云,2,62.0,25.0
365,佛山,2024-02-27T17:00+08:00,12.0,8.0,多云,3,65.0,30.0
366,肇庆,2024-02-27T17:00+08:00,10.0,8.0,多云,2,77.0,30.0
367,湛江,2024-02-27T17:00+08:00,13.0,11.0,多云,2,76.0,20.0
368,江门,2024-02-27T17:00+08:00,11.0,6.0,阴,3,66.0,27.0
369,河源,2024-02-27T17:00+08:00,10.0,6.0,多云,3,68.0,30.0
370,清远,2024-02-27T17:00+08:00,8.0,4.0,阴,3,79.0,30.0
371,云浮,2024-02-27T17:00+08:00,8.0,5.0,多云,3,86.0,30.0
372,潮州,2024-02-27T17:00+08:00,16.0,15.0,阴,2,72.0,20.0
373,东莞,2024-02-27T17:00+08:00,14.0,12.0,多云,2,63.0,30.0
374,中山,2024-02-27T17:00+08:00,13.0,11.0,阴,3,64.0,30.0
375,阳江,2024-02-27T17:00+08:00,14.0,13.0,多云,3,73.0,17.0
376,揭阳,2024-02-27T17:00+08:00,17.0,15.0,多云,2,62.0,12.0
377,红河,2024-02-27T17:00+08:00,20.0,18.0,晴,3,57.0,30.0
378,曲靖,2024-02-27T17:00+08:00,23.0,17.0,晴,4,24.0,18.0
379,保山,2024-02-27T17:00+08:00,19.0,13.0,多云,4,34.0,8.0
380,文山,2024-02-27T17:00+08:00,15.0,13.0,多云,2,72.0,22.0
381,玉溪,2024-02-27T17:00+08:00,24.0,20.0,晴,4,27.0,30.0
382,楚雄,2024-02-27T17:00+08:00,23.0,18.0,晴,5,24.0,30.0
383,普洱,2024-02-27T17:00+08:00,24.0,17.0,晴,5,26.0,11.0
384,昭通,2024-02-27T17:00+08:00,14.0,9.0,多云,4,36.0,17.0
385,临沧,2024-02-27T17:00+08:00,25.0,20.0,晴,3,18.0,30.0
386,怒江,2024-02-27T17:00+08:00,25.0,24.0,多云,2,23.0,28.0
387,迪庆,2024-02-27T17:00+08:00,7.0,2.0,多云,4,29.0,30.0
388,丽江,2024-02-27T17:00+08:00,17.0,12.0,多云,3,23.0,30.0
389,德宏,2024-02-27T17:00+08:00,26.0,23.0,多云,3,30.0,30.0
390,西双版纳,2024-02-27T17:00+08:00,28.0,27.0,晴,2,21.0,19.0
391,南宁,2024-02-27T17:00+08:00,8.0,5.0,多云,2,88.0,19.0
392,崇左,2024-02-27T17:00+08:00,9.0,7.0,多云,2,88.0,30.0
393,柳州,2024-02-27T17:00+08:00,5.0,3.0,阴,2,97.0,15.0
394,来宾,2024-02-27T17:00+08:00,7.0,5.0,多云,2,84.0,9.0
395,桂林,2024-02-27T17:00+08:00,6.0,3.0,多云,2,68.0,14.0
396,梧州,2024-02-27T17:00+08:00,6.0,4.0,多云,2,94.0,7.0
397,贺州,2024-02-27T17:00+08:00,5.0,3.0,阴,2,100.0,3.0
398,贵港,2024-02-27T17:00+08:00,8.0,5.0,阴,2,84.0,30.0
399,玉林,2024-02-27T17:00+08:00,7.0,6.0,小雨,1,95.0,6.0
400,百色,2024-02-27T17:00+08:00,12.0,9.0,阴,3,63.0,30.0
401,钦州,2024-02-27T17:00+08:00,8.0,6.0,多云,2,100.0,11.0
402,河池,2024-02-27T17:00+08:00,9.0,5.0,阴,2,64.0,20.0
403,北海,2024-02-27T17:00+08:00,9.0,3.0,多云,3,84.0,30.0
404,防城港,2024-02-27T17:00+08:00,9.0,2.0,多云,5,93.0,30.0
405,香港,2024-02-27T17:01+08:00,21.0,18.0,晴,4,50.0,16.0
406,澳门,2024-02-27T17:01+08:00,16.0,13.0,多云,4,67.0,16.0
407,台北,2024-02-27T17:01+08:00,14.0,11.0,小雨,4,85.0,16.0
408,高雄,2024-02-27T17:01+08:00,22.0,22.0,晴,2,56.0,16.0
409,台中,2024-02-27T17:01+08:00,18.0,15.0,晴,2,67.0,16.0
410,海口,2024-02-27T17:00+08:00,16.0,15.0,雾,2,97.0,3.0
411,三沙,2024-02-27T17:00+08:00,21.0,25.0,晴,2,65.0,26.0
412,昆明,2024-02-27T17:00+08:00,16.0,15.0,晴,2,65.0,26.0
413,北京,2025-05-06T22:00+08:00,16.0,14.0,晴,2,51.0,22.0
414,海淀,2025-05-06T22:00+08:00,17.0,15.0,多云,2,44.0,28.0
415,朝阳,2025-05-06T22:00+08:00,18.0,16.0,晴,2,42.0,20.0
416,顺义,2025-05-06T22:00+08:00,16.0,14.0,晴,2,52.0,23.0
417,怀柔,2025-05-06T22:00+08:00,15.0,14.0,晴,1,54.0,18.0
418,通州,2025-05-06T22:00+08:00,12.0,10.0,晴,2,73.0,22.0
419,昌平,2025-05-06T22:00+08:00,16.0,14.0,晴,1,40.0,30.0
420,延庆,2025-05-06T22:00+08:00,13.0,11.0,晴,2,37.0,30.0
421,丰台,2025-05-06T22:00+08:00,17.0,15.0,晴,2,44.0,25.0
422,石景山,2025-05-06T22:00+08:00,17.0,15.0,多云,2,41.0,21.0
423,大兴,2025-05-06T22:00+08:00,15.0,13.0,晴,2,51.0,28.0
424,房山,2025-05-06T22:00+08:00,16.0,14.0,多云,2,47.0,29.0
425,密云,2025-05-06T22:00+08:00,14.0,13.0,晴,1,54.0,26.0
426,门头沟,2025-05-06T22:00+08:00,16.0,14.0,多云,2,45.0,24.0
427,平谷,2025-05-06T22:00+08:00,11.0,10.0,晴,2,75.0,30.0
428,上海,2025-05-06T22:00+08:00,18.0,18.0,阴,1,64.0,18.0
429,闵行,2025-05-06T22:00+08:00,17.0,16.0,阴,2,65.0,15.0
430,宝山,2025-05-06T22:00+08:00,16.0,15.0,阴,2,75.0,26.0
431,嘉定,2025-05-06T22:00+08:00,17.0,15.0,阴,3,67.0,12.0
432,南汇,2025-05-06T22:01+08:00,16.0,16.0,阴,2,75.0,20.0
433,金山,2025-05-06T22:00+08:00,17.0,15.0,阴,3,74.0,19.0
434,青浦,2025-05-06T22:00+08:00,18.0,16.0,阴,3,68.0,16.0
435,松江,2025-05-06T22:00+08:00,18.0,16.0,阴,3,67.0,16.0
436,奉贤,2025-05-06T22:00+08:00,16.0,15.0,阴,2,75.0,21.0
437,崇明,2025-05-06T22:00+08:00,15.0,15.0,阴,2,86.0,18.0
438,徐家汇,2025-05-06T22:00+08:00,18.0,18.0,阴,1,64.0,18.0
439,浦东,2025-05-06T22:02+08:00,18.0,18.0,阴,1,64.0,17.0
440,天津,2025-05-06T22:00+08:00,15.0,13.0,晴,2,66.0,9.0
441,武清,2025-05-06T22:00+08:00,15.0,12.0,晴,3,69.0,7.0
442,宝坻,2025-05-06T22:00+08:00,15.0,13.0,多云,3,68.0,9.0
443,东丽,2025-05-06T22:00+08:00,14.0,14.0,雾,1,77.0,9.0
444,西青,2025-05-06T22:00+08:00,14.0,13.0,雾,2,75.0,7.0
445,北辰,2025-05-06T22:00+08:00,15.0,13.0,晴,2,70.0,9.0
446,宁河,2025-05-06T22:00+08:00,13.0,12.0,雾,2,76.0,7.0
447,汉沽,2025-05-06T22:02+08:00,15.0,13.0,晴,3,66.0,9.0
448,静海,2025-05-06T22:00+08:00,14.0,12.0,雾,2,72.0,5.0
449,津南,2025-05-06T22:00+08:00,12.0,11.0,雾,2,83.0,6.0
450,塘沽,2025-05-06T22:00+08:00,13.0,11.0,晴,2,77.0,11.0
451,大港,2025-05-06T22:02+08:00,15.0,13.0,晴,3,66.0,9.0
452,蓟县,2025-05-06T22:00+08:00,12.0,12.0,多云,1,81.0,8.0
453,重庆,2025-05-06T22:00+08:00,22.0,22.0,雾,3,78.0,8.0
454,永川,2025-05-06T22:00+08:00,20.0,20.0,雾,2,88.0,5.0
455,合川,2025-05-06T22:00+08:00,21.0,22.0,雾,2,89.0,5.0
456,南川,2025-05-06T22:00+08:00,20.0,21.0,多云,2,83.0,19.0
457,江津,2025-05-06T22:00+08:00,20.0,21.0,雾,2,89.0,9.0
458,渝北,2025-05-06T22:00+08:00,21.0,22.0,雾,1,80.0,5.0
459,北碚,2025-05-06T22:00+08:00,21.0,24.0,雾,1,100.0,4.0
460,巴南,2025-05-06T22:00+08:00,19.0,20.0,雾,2,91.0,4.0
461,长寿,2025-05-06T22:02+08:00,21.0,22.0,雾,2,82.0,6.0
462,黔江,2025-05-06T22:00+08:00,18.0,18.0,阴,1,65.0,28.0
463,万州,2025-05-06T22:02+08:00,20.0,19.0,阴,3,57.0,30.0
464,涪陵,2025-05-06T22:02+08:00,21.0,22.0,雾,1,75.0,10.0
465,城口,2025-05-06T22:00+08:00,20.0,20.0,阴,1,57.0,30.0
466,云阳,2025-05-06T22:02+08:00,19.0,19.0,阴,2,79.0,13.0
467,巫溪,2025-05-06T22:02+08:00,20.0,20.0,阴,2,76.0,30.0
468,奉节,2025-05-06T22:02+08:00,18.0,18.0,阴,2,85.0,25.0
469,巫山,2025-05-06T22:02+08:00,17.0,18.0,阴,1,86.0,28.0
470,潼南,2025-05-06T22:02+08:00,20.0,20.0,阴,2,82.0,13.0
471,垫江,2025-05-06T22:02+08:00,21.0,22.0,雾,1,85.0,6.0
472,梁平,2025-05-06T22:02+08:00,20.0,20.0,阴,2,78.0,16.0
473,忠县,2025-05-06T22:02+08:00,21.0,22.0,阴,2,80.0,15.0
474,石柱,2025-05-06T22:00+08:00,17.0,16.0,阴,2,71.0,30.0
475,大足,2025-05-06T22:02+08:00,18.0,18.0,雾,3,95.0,3.0
476,荣昌,2025-05-06T22:02+08:00,20.0,21.0,雾,2,87.0,9.0
477,铜梁,2025-05-06T22:02+08:00,21.0,22.0,雾,2,97.0,5.0
478,璧山,2025-05-06T22:02+08:00,21.0,21.0,雾,2,84.0,5.0
479,丰都,2025-05-06T22:02+08:00,21.0,22.0,阴,1,74.0,22.0
480,武隆,2025-05-06T22:02+08:00,19.0,21.0,雾,1,92.0,8.0
481,彭水,2025-05-06T22:00+08:00,20.0,22.0,阴,0,89.0,18.0
482,綦江,2025-05-06T22:02+08:00,19.0,18.0,雾,3,86.0,10.0
483,酉阳,2025-05-06T22:02+08:00,17.0,16.0,阴,2,73.0,29.0
484,秀山,2025-05-06T22:02+08:00,19.0,20.0,雾,1,98.0,6.0
485,哈尔滨,2025-05-06T22:02+08:00,7.0,6.0,晴,1,88.0,25.0
486,齐齐哈尔,2025-05-06T22:00+08:00,13.0,10.0,多云,2,31.0,30.0
487,牡丹江,2025-05-06T22:00+08:00,6.0,3.0,多云,2,62.0,30.0
488,佳木斯,2025-05-06T22:00+08:00,11.0,9.0,阴,2,51.0,30.0
489,绥化,2025-05-06T22:00+08:00,6.0,5.0,多云,1,100.0,18.0
490,黑河,2025-05-06T22:00+08:00,7.0,4.0,多云,2,41.0,27.0
491,大兴安岭,2025-05-06T22:00+08:00,3.0,0.0,多云,1,54.0,30.0
492,伊春,2025-05-06T22:00+08:00,5.0,4.0,阴,1,92.0,30.0
493,大庆,2025-05-06T22:00+08:00,11.0,8.0,多云,2,51.0,30.0
494,七台河,2025-05-06T22:02+08:00,11.0,9.0,阴,2,46.0,30.0
495,鸡西,2025-05-06T22:00+08:00,9.0,6.0,多云,2,41.0,30.0
496,鹤岗,2025-05-06T22:02+08:00,3.0,1.0,多云,1,85.0,30.0
497,双鸭山,2025-05-06T22:02+08:00,8.0,6.0,阴,1,56.0,30.0
498,长春,2025-05-06T22:02+08:00,10.0,7.0,多云,2,64.0,18.0
499,吉林,2025-05-06T22:02+08:00,10.0,7.0,多云,3,57.0,16.0
500,延边,2025-05-06T22:02+08:00,9.0,5.0,多云,3,45.0,27.0
501,四平,2025-05-06T22:02+08:00,7.0,5.0,多云,2,76.0,17.0
502,通化,2025-05-06T22:02+08:00,6.0,5.0,晴,1,82.0,13.0
503,白城,2025-05-06T22:00+08:00,15.0,12.0,多云,2,30.0,28.0
504,辽源,2025-05-06T22:00+08:00,6.0,5.0,雾,1,93.0,6.0
505,松原,2025-05-06T22:00+08:00,8.0,7.0,多云,0,59.0,12.0
506,白山,2025-05-06T22:00+08:00,3.0,1.0,雾,1,92.0,10.0
507,沈阳,2025-05-06T22:00+08:00,8.0,6.0,晴,2,80.0,18.0
508,大连,2025-05-06T22:00+08:00,11.0,10.0,阴,1,73.0,17.0
509,鞍山,2025-05-06T22:00+08:00,12.0,11.0,晴,2,72.0,9.0
510,抚顺,2025-05-06T22:00+08:00,7.0,4.0,晴,2,79.0,21.0
511,本溪,2025-05-06T22:00+08:00,10.0,8.0,晴,1,59.0,28.0
512,丹东,2025-05-06T22:00+08:00,11.0,9.0,晴,2,86.0,14.0
513,锦州,2025-05-06T22:00+08:00,12.0,10.0,多云,3,71.0,20.0
514,营口,2025-05-06T22:00+08:00,11.0,9.0,雾,2,88.0,7.0
515,阜新,2025-05-06T22:00+08:00,13.0,11.0,阴,2,61.0,30.0
516,辽阳,2025-05-06T22:00+08:00,9.0,7.0,晴,1,73.0,15.0
517,铁岭,2025-05-06T22:02+08:00,10.0,9.0,晴,1,71.0,13.0
518,盘锦,2025-05-06T22:00+08:00,12.0,11.0,多云,2,87.0,19.0
519,葫芦岛,2025-05-06T22:02+08:00,9.0,7.0,阴,2,80.0,30.0
520,呼和浩特,2025-05-06T22:02+08:00,9.0,8.0,晴,1,65.0,30.0
521,包头,2025-05-06T22:02+08:00,11.0,9.0,晴,2,70.0,13.0
522,乌海,2025-05-06T22:02+08:00,14.0,12.0,阴,1,33.0,25.0
523,乌兰察布,2025-05-06T22:02+08:00,7.0,5.0,阴,1,67.0,30.0
524,通辽,2025-05-06T22:00+08:00,14.0,9.0,多云,4,34.0,30.0
525,赤峰,2025-05-06T22:00+08:00,12.0,10.0,多云,2,37.0,30.0
526,鄂尔多斯,2025-05-06T22:00+08:00,11.0,9.0,阴,2,44.0,26.0
527,巴彦淖尔,2025-05-06T22:00+08:00,14.0,12.0,阴,1,28.0,22.0
528,锡林郭勒,2025-05-06T22:00+08:00,8.0,5.0,晴,2,33.0,30.0
529,呼伦贝尔,2025-05-06T22:00+08:00,8.0,4.0,多云,3,36.0,30.0
530,兴安盟,2025-05-06T22:00+08:00,12.0,10.0,多云,1,29.0,29.0
531,阿拉善盟,2025-05-06T22:00+08:00,17.0,14.0,阴,2,29.0,30.0
532,石家庄,2025-05-06T22:00+08:00,16.0,15.0,晴,2,59.0,17.0
533,保定,2025-05-06T22:02+08:00,15.0,14.0,晴,1,61.0,29.0
534,张家口,2025-05-06T22:00+08:00,12.0,10.0,阴,1,56.0,30.0
535,承德,2025-05-06T22:02+08:00,13.0,11.0,多云,1,52.0,30.0
536,唐山,2025-05-06T22:00+08:00,12.0,10.0,雾,2,79.0,8.0
537,廊坊,2025-05-06T22:00+08:00,16.0,15.0,晴,2,63.0,16.0
538,沧州,2025-05-06T22:00+08:00,14.0,12.0,晴,2,68.0,9.0
539,衡水,2025-05-06T22:02+08:00,15.0,14.0,晴,1,67.0,21.0
540,邢台,2025-05-06T22:02+08:00,16.0,15.0,晴,2,58.0,24.0
541,邯郸,2025-05-06T22:02+08:00,19.0,18.0,晴,2,51.0,23.0
542,秦皇岛,2025-05-06T22:00+08:00,9.0,9.0,雾,0,94.0,7.0
543,太原,2025-05-06T22:01+08:00,16.0,12.0,阴,4,42.0,26.0
544,大同,2025-05-06T22:00+08:00,12.0,11.0,多云,1,58.0,21.0
545,阳泉,2025-05-06T22:00+08:00,12.0,10.0,阴,2,66.0,30.0
546,晋中,2025-05-06T22:00+08:00,15.0,9.0,多云,5,54.0,30.0
547,长治,2025-05-06T22:02+08:00,16.0,12.0,晴,3,27.0,28.0
548,晋城,2025-05-06T22:02+08:00,17.0,15.0,晴,2,26.0,21.0
549,临汾,2025-05-06T22:00+08:00,19.0,18.0,晴,1,31.0,12.0
550,运城,2025-05-06T22:02+08:00,19.0,17.0,霾,2,28.0,7.0
551,朔州,2025-05-06T22:00+08:00,9.0,7.0,晴,1,54.0,13.0
552,忻州,2025-05-06T22:00+08:00,12.0,9.0,多云,2,51.0,27.0
553,吕梁,2025-05-06T22:00+08:00,16.0,13.0,多云,2,30.0,15.0
554,西安,2025-05-06T22:02+08:00,19.0,18.0,晴,2,39.0,24.0
555,咸阳,2025-05-06T22:02+08:00,17.0,15.0,浮尘,2,43.0,6.0
556,延安,2025-05-06T22:02+08:00,16.0,14.0,晴,1,36.0,16.0
557,榆林,2025-05-06T22:02+08:00,18.0,14.0,阴,3,20.0,28.0
558,渭南,2025-05-06T22:02+08:00,19.0,18.0,晴,1,45.0,14.0
559,商洛,2025-05-06T22:02+08:00,21.0,18.0,浮尘,3,27.0,6.0
560,安康,2025-05-06T22:02+08:00,23.0,22.0,多云,2,37.0,27.0
561,汉中,2025-05-06T22:02+08:00,25.0,25.0,晴,2,41.0,30.0
562,宝鸡,2025-05-06T22:02+08:00,18.0,17.0,浮尘,1,40.0,10.0
563,铜川,2025-05-06T22:02+08:00,16.0,14.0,霾,1,35.0,13.0
564,济南,2025-05-06T22:00+08:00,13.0,11.0,晴,2,77.0,12.0
565,青岛,2025-05-06T22:02+08:00,12.0,10.0,多云,3,100.0,20.0
566,淄博,2025-05-06T22:00+08:00,10.0,10.0,雾,0,94.0,4.0
567,德州,2025-05-06T22:02+08:00,14.0,12.0,雾,2,73.0,7.0
568,烟台,2025-05-06T22:02+08:00,11.0,10.0,阴,0,53.0,30.0
569,潍坊,2025-05-06T22:02+08:00,13.0,13.0,雾,1,89.0,8.0
570,济宁,2025-05-06T22:02+08:00,16.0,16.0,多云,0,72.0,18.0
571,泰安,2025-05-06T22:00+08:00,15.0,15.0,晴,1,74.0,10.0
572,临沂,2025-05-06T22:00+08:00,15.0,14.0,雾,2,82.0,9.0
573,菏泽,2025-05-06T22:00+08:00,17.0,16.0,阴,2,57.0,30.0
574,滨州,2025-05-06T22:00+08:00,11.0,11.0,雾,0,95.0,3.0
575,东营,2025-05-06T22:00+08:00,11.0,11.0,雾,0,94.0,3.0
576,威海,2025-05-06T22:00+08:00,11.0,10.0,多云,1,71.0,26.0
577,枣庄,2025-05-06T22:00+08:00,16.0,16.0,阴,0,65.0,18.0
578,日照,2025-05-06T22:00+08:00,11.0,10.0,多云,1,93.0,25.0
579,莱芜,2025-05-06T22:02+08:00,14.0,13.0,晴,1,70.0,12.0
580,聊城,2025-05-06T22:02+08:00,16.0,16.0,晴,1,67.0,21.0
581,乌鲁木齐,2025-05-06T22:02+08:00,20.0,15.0,晴,4,29.0,30.0
582,克拉玛依,2025-05-06T22:02+08:00,22.0,15.0,晴,5,23.0,30.0
583,石河子,2025-05-06T22:02+08:00,24.0,22.0,晴,2,14.0,3.0
584,昌吉,2025-05-06T22:02+08:00,21.0,19.0,晴,2,32.0,25.0
585,吐鲁番,2025-05-06T22:02+08:00,31.0,30.0,多云,1,13.0,30.0
586,巴州,2025-05-06T22:02+08:00,22.0,15.0,多云,5,26.0,7.0
587,阿拉尔,2025-05-06T22:02+08:00,24.0,22.0,多云,2,22.0,9.0
588,阿克苏,2025-05-06T22:02+08:00,25.0,22.0,扬沙,3,20.0,8.0
589,喀什,2025-05-06T22:02+08:00,27.0,26.0,晴,2,21.0,19.0
590,伊犁,2025-05-06T22:02+08:00,21.0,20.0,晴,0,31.0,23.0
591,塔城,2025-05-06T22:02+08:00,20.0,17.0,晴,3,28.0,30.0
592,哈密,2025-05-06T22:02+08:00,24.0,21.0,多云,3,19.0,15.0
593,和田,2025-05-06T22:02+08:00,26.0,24.0,霾,2,17.0,6.0
594,阿勒泰,2025-05-06T22:02+08:00,16.0,12.0,晴,3,30.0,30.0
595,克州,2025-05-06T22:02+08:00,26.0,24.0,多云,2,22.0,14.0
596,博州,2025-05-06T22:02+08:00,23.0,20.0,晴,3,21.0,23.0
597,拉萨,2025-05-06T22:02+08:00,7.0,5.0,小雨,2,82.0,5.0
598,日喀则,2025-05-06T22:02+08:00,9.0,4.0,阴,4,60.0,30.0
599,山南,2025-05-06T22:02+08:00,12.0,9.0,阴,2,44.0,30.0
600,林芝,2025-05-06T22:02+08:00,13.0,11.0,阴,2,51.0,30.0
601,昌都,2025-05-06T22:02+08:00,12.0,10.0,阴,1,48.0,30.0
602,那曲,2025-05-06T22:02+08:00,3.0,-3.0,阴,4,68.0,30.0
603,阿里,2025-05-06T22:02+08:00,3.0,1.0,阴,1,77.0,30.0
604,西宁,2025-05-06T22:02+08:00,14.0,7.0,阴,5,33.0,21.0
605,海东,2025-05-06T22:02+08:00,15.0,5.0,阴,6,34.0,20.0
606,黄南,2025-05-06T22:02+08:00,15.0,11.0,多云,3,15.0,19.0
607,海南,2025-05-06T22:02+08:00,13.0,11.0,多云,1,14.0,18.0
608,果洛,2025-05-06T22:02+08:00,6.0,3.0,多云,2,22.0,30.0
609,玉树,2025-05-06T22:02+08:00,10.0,6.0,阴,2,31.0,21.0
610,海西,2025-05-06T22:02+08:00,13.0,8.0,多云,3,10.0,14.0
611,海北,2025-05-06T22:02+08:00,6.0,1.0,阴,3,46.0,29.0
612,兰州,2025-05-06T22:02+08:00,19.0,18.0,多云,1,28.0,20.0
613,定西,2025-05-06T22:02+08:00,16.0,13.0,晴,3,40.0,15.0
614,平凉,2025-05-06T22:02+08:00,18.0,16.0,霾,2,35.0,12.0
615,庆阳,2025-05-06T22:02+08:00,18.0,14.0,晴,3,31.0,13.0
616,武威,2025-05-06T21:58+08:00,17.0,15.0,阴,2,22.0,16.0
617,金昌,2025-05-06T22:00+08:00,18.0,14.0,阴,3,25.0,16.0
618,张掖,2025-05-06T21:58+08:00,16.0,12.0,阴,3,36.0,22.0
619,酒泉,2025-05-06T22:00+08:00,17.0,12.0,阴,4,28.0,30.0
620,天水,2025-05-06T22:00+08:00,17.0,16.0,晴,1,55.0,29.0
621,陇南,2025-05-06T22:02+08:00,22.0,19.0,晴,3,38.0,30.0
622,临夏,2025-05-06T22:02+08:00,17.0,12.0,晴,4,33.0,30.0
623,甘南,2025-05-06T22:02+08:00,10.0,7.0,多云,2,36.0,30.0
624,白银,2025-05-06T22:02+08:00,18.0,13.0,多云,4,29.0,30.0
625,嘉峪关,2025-05-06T22:02+08:00,16.0,12.0,阴,3,27.0,20.0
626,银川,2025-05-06T22:02+08:00,20.0,18.0,阴,2,27.0,11.0
627,石嘴山,2025-05-06T22:02+08:00,17.0,15.0,阴,1,28.0,17.0
628,吴忠,2025-05-06T22:02+08:00,18.0,15.0,阴,2,20.0,13.0
629,固原,2025-05-06T22:02+08:00,17.0,12.0,晴,4,36.0,30.0
630,中卫,2025-05-06T22:02+08:00,18.0,17.0,霾,1,26.0,10.0
631,郑州,2025-05-06T22:00+08:00,21.0,19.0,霾,3,35.0,14.0
632,安阳,2025-05-06T22:00+08:00,17.0,16.0,晴,2,53.0,20.0
633,新乡,2025-05-06T22:00+08:00,18.0,17.0,多云,2,53.0,19.0
634,许昌,2025-05-06T22:00+08:00,15.0,13.0,霾,2,68.0,9.0
635,平顶山,2025-05-06T22:00+08:00,21.0,17.0,阴,4,42.0,14.0
636,信阳,2025-05-06T22:00+08:00,21.0,19.0,多云,2,38.0,15.0
637,南阳,2025-05-06T22:02+08:00,21.0,20.0,霾,1,33.0,7.0
638,开封,2025-05-06T22:00+08:00,20.0,19.0,阴,2,46.0,15.0
639,洛阳,2025-05-06T22:02+08:00,21.0,19.0,霾,1,24.0,10.0
640,商丘,2025-05-06T22:00+08:00,17.0,16.0,阴,2,56.0,27.0
641,焦作,2025-05-06T22:02+08:00,19.0,13.0,多云,5,40.0,13.0
642,鹤壁,2025-05-06T22:02+08:00,15.0,15.0,晴,1,70.0,23.0
643,濮阳,2025-05-06T22:00+08:00,18.0,16.0,晴,2,51.0,22.0
644,周口,2025-05-06T22:00+08:00,22.0,20.0,霾,3,36.0,10.0
645,漯河,2025-05-06T22:00+08:00,21.0,20.0,浮尘,2,34.0,8.0
646,驻马店,2025-05-06T22:00+08:00,19.0,17.0,浮尘,2,48.0,7.0
647,三门峡,2025-05-06T22:00+08:00,20.0,17.0,浮尘,3,25.0,7.0
648,济源,2025-05-06T22:00+08:00,20.0,18.0,晴,2,42.0,11.0
649,南京,2025-05-06T22:00+08:00,20.0,19.0,阴,1,46.0,15.0
650,无锡,2025-05-06T22:00+08:00,18.0,16.0,阴,3,76.0,23.0
651,镇江,2025-05-06T22:00+08:00,19.0,17.0,阴,3,66.0,11.0
652,苏州,2025-05-06T22:00+08:00,18.0,16.0,阴,3,75.0,18.0
653,南通,2025-05-06T22:00+08:00,15.0,14.0,阴,2,84.0,20.0
654,扬州,2025-05-06T22:00+08:00,19.0,18.0,阴,3,69.0,12.0
655,盐城,2025-05-06T22:02+08:00,15.0,15.0,阴,1,77.0,14.0
656,徐州,2025-05-06T22:00+08:00,16.0,16.0,阴,0,63.0,14.0
657,淮安,2025-05-06T22:00+08:00,16.0,14.0,雾,3,75.0,9.0
658,连云港,2025-05-06T22:00+08:00,13.0,13.0,雾,1,87.0,4.0
659,常州,2025-05-06T22:00+08:00,18.0,17.0,阴,2,75.0,14.0
660,泰州,2025-05-06T22:00+08:00,16.0,15.0,阴,2,73.0,15.0
661,宿迁,2025-05-06T22:00+08:00,19.0,17.0,阴,3,58.0,17.0
662,武汉,2025-05-06T22:02+08:00,19.0,20.0,霾,0,75.0,10.0
663,襄阳,2025-05-06T22:00+08:00,23.0,15.0,扬沙,6,32.0,6.0
664,鄂州,2025-05-06T22:02+08:00,22.0,20.0,霾,3,51.0,11.0
665,孝感,2025-05-06T22:02+08:00,20.0,20.0,霾,1,54.0,7.0
666,黄冈,2025-05-06T22:02+08:00,20.0,20.0,霾,1,66.0,4.0
667,黄石,2025-05-06T22:00+08:00,20.0,20.0,霾,1,55.0,8.0
668,咸宁,2025-05-06T22:00+08:00,19.0,18.0,霾,2,66.0,9.0
669,荆州,2025-05-06T22:00+08:00,22.0,22.0,霾,2,50.0,6.0
670,宜昌,2025-05-06T21:58+08:00,22.0,21.0,阴,2,40.0,16.0
671,恩施,2025-05-06T22:00+08:00,20.0,20.0,阴,1,58.0,24.0
672,十堰,2025-05-06T22:00+08:00,24.0,23.0,浮尘,1,27.0,5.0
673,神农架,2025-05-06T22:00+08:00,19.0,18.0,霾,2,48.0,11.0
674,随州,2025-05-06T22:00+08:00,19.0,18.0,霾,1,48.0,7.0
675,荆门,2025-05-06T22:00+08:00,22.0,20.0,浮尘,3,45.0,6.0
676,天门,2025-05-06T22:00+08:00,21.0,21.0,阴,1,57.0,7.0
677,仙桃,2025-05-06T22:00+08:00,22.0,23.0,霾,1,62.0,6.0
678,潜江,2025-05-06T22:00+08:00,20.0,22.0,霾,0,73.0,14.0
679,杭州,2025-05-06T22:00+08:00,21.0,20.0,阴,2,42.0,13.0
680,湖州,2025-05-06T21:58+08:00,20.0,20.0,阴,1,52.0,16.0
681,嘉兴,2025-05-06T22:00+08:00,19.0,17.0,阴,3,71.0,12.0
682,宁波,2025-05-06T22:00+08:00,19.0,19.0,阴,2,72.0,11.0
683,绍兴,2025-05-06T21:58+08:00,20.0,18.0,阴,3,74.0,26.0
684,台州,2025-05-06T22:00+08:00,23.0,24.0,雾,2,79.0,9.0
685,温州,2025-05-06T22:02+08:00,22.0,25.0,雾,0,84.0,8.0
686,丽水,2025-05-06T22:02+08:00,22.0,23.0,阴,1,70.0,10.0
687,金华,2025-05-06T22:00+08:00,25.0,23.0,阴,3,34.0,10.0
688,衢州,2025-05-06T22:00+08:00,24.0,25.0,阴,2,70.0,14.0
689,舟山,2025-05-06T22:00+08:00,17.0,18.0,阴,1,80.0,13.0
690,合肥,2025-05-06T22:02+08:00,16.0,16.0,阴,1,91.0,20.0
691,蚌埠,2025-05-06T22:00+08:00,18.0,18.0,阴,1,58.0,18.0
692,芜湖,2025-05-06T22:02+08:00,20.0,20.0,霾,1,53.0,9.0
693,淮南,2025-05-06T22:02+08:00,18.0,17.0,阴,2,57.0,18.0
694,马鞍山,2025-05-06T22:00+08:00,20.0,17.0,阴,3,47.0,16.0
695,安庆,2025-05-06T22:00+08:00,21.0,20.0,霾,2,37.0,11.0
696,宿州,2025-05-06T22:00+08:00,15.0,15.0,阴,1,78.0,20.0
697,阜阳,2025-05-06T22:00+08:00,22.0,19.0,阴,3,40.0,19.0
698,亳州,2025-05-06T22:00+08:00,20.0,18.0,阴,3,48.0,22.0
699,黄山,2025-05-06T22:00+08:00,23.0,22.0,霾,2,44.0,9.0
700,滁州,2025-05-06T22:00+08:00,17.0,17.0,阴,1,83.0,13.0
701,淮北,2025-05-06T22:00+08:00,17.0,18.0,阴,0,71.0,15.0
702,铜陵,2025-05-06T22:00+08:00,20.0,21.0,霾,1,66.0,10.0
703,宣城,2025-05-06T22:00+08:00,18.0,19.0,霾,1,77.0,10.0
704,六安,2025-05-06T22:00+08:00,18.0,18.0,阴,1,58.0,13.0
705,池州,2025-05-06T22:00+08:00,19.0,19.0,霾,1,72.0,12.0
706,福州,2025-05-06T22:00+08:00,25.0,27.0,阴,2,73.0,21.0
707,厦门,2025-05-06T22:00+08:00,22.0,23.0,小雨,3,97.0,5.0
708,宁德,2025-05-06T22:00+08:00,24.0,26.0,阴,2,81.0,30.0
709,莆田,2025-05-06T22:00+08:00,21.0,22.0,小雨,2,76.0,19.0
710,泉州,2025-05-06T21:59+08:00,21.0,18.0,小雨,5,87.0,16.0
711,漳州,2025-05-06T22:00+08:00,23.0,26.0,小雨,2,97.0,7.0
712,龙岩,2025-05-06T22:00+08:00,22.0,24.0,小雨,1,93.0,8.0
713,三明,2025-05-06T22:00+08:00,25.0,25.0,阴,2,57.0,17.0
714,南平,2025-05-06T22:00+08:00,25.0,27.0,阴,1,65.0,22.0
715,南昌,2025-05-06T22:00+08:00,25.0,26.0,阴,1,64.0,19.0
716,九江,2025-05-06T22:00+08:00,23.0,22.0,霾,3,47.0,8.0
717,上饶,2025-05-06T22:00+08:00,23.0,24.0,阴,1,62.0,18.0
718,抚州,2025-05-06T22:00+08:00,24.0,26.0,阴,1,77.0,15.0
719,宜春,2025-05-06T22:00+08:00,25.0,27.0,阴,1,70.0,13.0
720,吉安,2025-05-06T22:00+08:00,26.0,27.0,阴,1,55.0,27.0
721,赣州,2025-05-06T22:00+08:00,25.0,29.0,阴,0,86.0,30.0
722,景德镇,2025-05-06T22:00+08:00,23.0,24.0,阴,2,70.0,13.0
723,萍乡,2025-05-06T22:00+08:00,24.0,26.0,阴,1,77.0,13.0
724,新余,2025-05-06T22:02+08:00,24.0,24.0,阴,2,56.0,28.0
725,鹰潭,2025-05-06T22:00+08:00,24.0,26.0,阴,1,71.0,26.0
726,长沙,2025-05-06T21:58+08:00,22.0,23.0,小雨,2,87.0,5.0
727,湘潭,2025-05-06T22:00+08:00,22.0,24.0,小雨,1,99.0,7.0
728,株洲,2025-05-06T22:00+08:00,24.0,25.0,阴,2,72.0,11.0
729,衡阳,2025-05-06T22:02+08:00,23.0,24.0,阴,2,75.0,12.0
730,郴州,2025-05-06T21:58+08:00,21.0,23.0,阴,1,97.0,11.0
731,常德,2025-05-06T22:02+08:00,23.0,24.0,霾,1,54.0,5.0
732,益阳,2025-05-06T22:00+08:00,22.0,23.0,阴,2,83.0,14.0
733,娄底,2025-05-06T22:00+08:00,21.0,22.0,雾,2,88.0,6.0
734,邵阳,2025-05-06T22:00+08:00,21.0,21.0,小雨,3,85.0,7.0
735,岳阳,2025-05-06T22:00+08:00,23.0,24.0,霾,1,71.0,6.0
736,张家界,2025-05-06T22:00+08:00,20.0,21.0,霾,1,70.0,11.0
737,怀化,2025-05-06T22:00+08:00,19.0,20.0,雾,2,100.0,6.0
738,永州,2025-05-06T22:00+08:00,22.0,23.0,雾,2,84.0,7.0
739,湘西,2025-05-06T22:00+08:00,21.0,23.0,阴,1,85.0,13.0
740,贵阳,2025-05-06T22:02+08:00,15.0,14.0,雾,2,95.0,15.0
741,遵义,2025-05-06T22:02+08:00,18.0,17.0,阴,2,68.0,29.0
742,安顺,2025-05-06T22:02+08:00,14.0,11.0,雾,4,98.0,2.0
743,黔南,2025-05-06T22:00+08:00,15.0,14.0,雾,3,97.0,7.0
744,黔东南,2025-05-06T22:02+08:00,17.0,18.0,阴,1,92.0,25.0
745,铜仁,2025-05-06T22:02+08:00,20.0,22.0,阴,1,88.0,12.0
746,毕节,2025-05-06T22:02+08:00,14.0,14.0,阴,1,92.0,14.0
747,六盘水,2025-05-06T22:02+08:00,13.0,13.0,中雨,2,95.0,2.0
748,黔西南,2025-05-06T22:02+08:00,18.0,19.0,阴,1,93.0,13.0
749,成都,2025-05-06T22:02+08:00,18.0,18.0,阴,1,70.0,2.0
750,攀枝花,2025-05-06T22:02+08:00,28.0,29.0,多云,1,35.0,30.0
751,自贡,2025-05-06T22:02+08:00,19.0,19.0,阴,2,80.0,19.0
752,绵阳,2025-05-06T22:02+08:00,21.0,21.0,多云,2,57.0,30.0
753,南充,2025-05-06T22:02+08:00,21.0,21.0,雾,2,73.0,10.0
754,达州,2025-05-06T22:02+08:00,23.0,24.0,多云,1,63.0,18.0
755,遂宁,2025-05-06T22:02+08:00,19.0,20.0,阴,1,81.0,18.0
756,广安,2025-05-06T22:02+08:00,21.0,22.0,阴,1,78.0,10.0
757,巴中,2025-05-06T22:02+08:00,20.0,19.0,多云,2,58.0,30.0
758,泸州,2025-05-06T22:02+08:00,18.0,18.0,阴,3,94.0,12.0
759,宜宾,2025-05-06T22:02+08:00,18.0,17.0,阴,3,88.0,15.0
760,内江,2025-05-06T22:02+08:00,19.0,20.0,阴,2,86.0,22.0
761,资阳,2025-05-06T22:01+08:00,21.0,22.0,阴,1,69.0,20.0
762,乐山,2025-05-06T22:01+08:00,19.0,20.0,阴,1,89.0,22.0
763,眉山,2025-05-06T22:02+08:00,18.0,18.0,阴,1,76.0,15.0
764,凉山,2025-05-06T22:02+08:00,19.0,17.0,阴,2,49.0,30.0
765,雅安,2025-05-06T22:02+08:00,18.0,19.0,阴,1,77.0,30.0
766,甘孜,2025-05-06T22:02+08:00,9.0,6.0,多云,2,57.0,30.0
767,阿坝,2025-05-06T22:02+08:00,9.0,6.0,多云,2,46.0,30.0
768,德阳,2025-05-06T22:02+08:00,20.0,20.0,阴,2,62.0,29.0
769,广元,2025-05-06T22:02+08:00,22.0,22.0,多云,1,45.0,30.0
770,广州,2025-05-06T22:00+08:00,24.0,27.0,雾,2,95.0,3.0
771,韶关,2025-05-06T22:00+08:00,25.0,27.0,阴,2,87.0,30.0
772,惠州,2025-05-06T22:00+08:00,25.0,29.0,阴,1,92.0,30.0
773,梅州,2025-05-06T22:00+08:00,24.0,27.0,阴,1,94.0,22.0
774,汕头,2025-05-06T22:00+08:00,26.0,29.0,阴,1,79.0,30.0
775,深圳,2025-05-06T22:00+08:00,25.0,29.0,阴,1,95.0,14.0
776,珠海,2025-05-06T22:00+08:00,27.0,30.0,阴,2,88.0,28.0
777,佛山,2025-05-06T22:00+08:00,25.0,28.0,阴,1,93.0,23.0
778,肇庆,2025-05-06T22:00+08:00,25.0,28.0,雾,1,96.0,6.0
779,湛江,2025-05-06T22:00+08:00,27.0,31.0,多云,2,90.0,21.0
780,江门,2025-05-06T22:00+08:00,24.0,27.0,小雨,1,95.0,8.0
781,河源,2025-05-06T22:00+08:00,23.0,26.0,雾,1,96.0,14.0
782,清远,2025-05-06T22:02+08:00,25.0,27.0,阴,2,92.0,25.0
783,云浮,2025-05-06T22:00+08:00,25.0,28.0,阴,1,92.0,23.0
784,潮州,2025-05-06T22:00+08:00,23.0,26.0,阴,1,95.0,16.0
785,东莞,2025-05-06T22:00+08:00,25.0,29.0,雾,1,94.0,4.0
786,中山,2025-05-06T22:02+08:00,24.0,27.0,阴,1,94.0,30.0
787,阳江,2025-05-06T22:00+08:00,27.0,29.0,阴,3,87.0,30.0
788,揭阳,2025-05-06T22:00+08:00,25.0,28.0,阴,1,89.0,18.0
789,茂名,2025-05-06T22:00+08:00,28.0,31.0,阴,2,85.0,30.0
790,汕尾,2025-05-06T22:00+08:00,25.0,29.0,阴,1,92.0,30.0
791,昆明,2025-05-06T22:02+08:00,23.0,21.0,多云,3,43.0,30.0
792,大理,2025-05-06T22:02+08:00,20.0,17.0,多云,3,53.0,30.0
793,红河,2025-05-06T22:02+08:00,30.0,30.0,多云,3,42.0,30.0
794,曲靖,2025-05-06T22:02+08:00,20.0,20.0,阴,2,71.0,10.0
795,保山,2025-05-06T22:00+08:00,18.0,18.0,晴,2,72.0,15.0
796,文山,2025-05-06T22:02+08:00,23.0,24.0,晴,2,73.0,30.0
797,玉溪,2025-05-06T22:02+08:00,23.0,23.0,多云,1,47.0,30.0
798,楚雄,2025-05-06T22:02+08:00,24.0,23.0,多云,2,40.0,30.0
799,普洱,2025-05-06T22:02+08:00,24.0,25.0,多云,1,56.0,30.0
800,昭通,2025-05-06T22:02+08:00,12.0,10.0,阴,2,87.0,30.0
801,临沧,2025-05-06T22:02+08:00,19.0,20.0,雾,1,71.0,13.0
802,怒江,2025-05-06T22:02+08:00,24.0,25.0,阴,1,58.0,24.0
803,迪庆,2025-05-06T22:02+08:00,8.0,5.0,多云,3,65.0,30.0
804,丽江,2025-05-06T22:02+08:00,19.0,16.0,多云,3,41.0,30.0
805,德宏,2025-05-06T22:02+08:00,24.0,25.0,晴,2,63.0,30.0
806,西双版纳,2025-05-06T22:02+08:00,29.0,31.0,晴,2,59.0,17.0
807,南宁,2025-05-06T21:58+08:00,27.0,28.0,阴,4,83.0,12.0
808,崇左,2025-05-06T22:00+08:00,27.0,29.0,多云,2,79.0,30.0
809,柳州,2025-05-06T22:02+08:00,25.0,25.0,多云,3,74.0,21.0
810,来宾,2025-05-06T22:00+08:00,26.0,28.0,多云,2,79.0,10.0
811,桂林,2025-05-06T22:02+08:00,24.0,23.0,阴,3,60.0,30.0
812,梧州,2025-05-06T22:00+08:00,27.0,31.0,雾,1,84.0,10.0
813,贺州,2025-05-06T22:00+08:00,25.0,26.0,阴,3,73.0,30.0
814,贵港,2025-05-06T22:02+08:00,27.0,27.0,阴,4,92.0,15.0
815,玉林,2025-05-06T22:02+08:00,25.0,27.0,阴,3,93.0,10.0
816,百色,2025-05-06T22:02+08:00,26.0,28.0,多云,1,72.0,13.0
817,钦州,2025-05-06T22:00+08:00,28.0,30.0,多云,3,84.0,30.0
818,河池,2025-05-06T22:00+08:00,24.0,25.0,多云,2,72.0,30.0
819,北海,2025-05-06T22:02+08:00,27.0,31.0,多云,1,85.0,16.0
820,防城港,2025-05-06T22:02+08:00,27.0,28.0,多云,3,82.0,29.0
821,香港,2025-05-06T21:34+08:00,26.0,30.0,陣雨,2,85.0,8.0
822,澳门,2025-05-06T22:01+08:00,26.0,27.0,陣雨,4,90.0,8.0
823,台北,2025-05-06T22:01+08:00,23.0,25.0,陰,2,97.0,2.0
824,高雄,2025-05-06T22:02+08:00,24.0,26.0,多雲,2,96.0,6.0
825,台中,2025-05-06T22:01+08:00,23.0,25.0,中雨,2,98.0,8.0
826,海口,2025-05-06T22:02+08:00,28.0,30.0,阴,3,79.0,30.0
827,三亚,2025-05-06T21:58+08:00,28.0,32.0,多云,2,90.0,5.0
828,三沙,2025-05-06T22:00+08:00,29.0,32.0,多云,2,76.0,30.0
